,task,start,end
0,粘接预装台位33号,90,91
1,进车台位1号,93,94
2,粘接预装台位29号,114,116
3,进车台位1号,117,119
4,粘接预装台位33号,139,141
5,进车台位1号,141,144
6,粘接预装台位29号,164,166
7,粘接预装台位33号,189,193
8,粘接预装台位33号,258,259
9,进车台位1号,261,262
10,粘接预装台位29号,282,284
11,进车台位1号,285,287
12,粘接预装台位33号,307,309
13,进车台位1号,309,312
14,粘接预装台位29号,332,334
15,粘接预装台位33号,357,361
16,粘接预装台位33号,426,427
17,进车台位1号,429,430
18,粘接预装台位29号,450,452
19,进车台位1号,453,455
20,粘接预装台位33号,475,477
21,进车台位1号,477,480
22,粘接预装台位29号,500,502
23,粘接预装台位33号,525,529
24,粘接预装台位33号,594,595
25,进车台位1号,597,598
26,粘接预装台位29号,618,620
27,进车台位1号,621,623
28,粘接预装台位33号,643,645
29,进车台位1号,645,648
30,粘接预装台位29号,668,670
31,粘接预装台位33号,693,697
32,模块化组装7号,700,701
33,普通组装2类(BC车)12号,724,725
34,粘接预装台位33号,762,763
35,进车台位1号,765,766
36,粘接预装台位29号,786,788
37,进车台位1号,789,791
38,粘接预装台位33号,811,813
39,进车台位1号,813,816
40,粘接预装台位29号,836,838
41,粘接预装台位33号,861,865
42,模块化组装7号,868,869
43,普通组装2类(BC车)20号,892,893
44,粘接预装台位33号,930,931
45,进车台位1号,933,934
46,粘接预装台位29号,954,956
47,进车台位1号,957,959
48,粘接预装台位33号,979,981
49,进车台位1号,981,984
50,粘接预装台位29号,1004,1006
51,粘接预装台位33号,1029,1033
52,模块化组装7号,1036,1037
53,普通组装2类(BC车)25号,1060,1061
54,粘接预装台位33号,1098,1099
55,进车台位1号,1101,1102
56,粘接预装台位29号,1122,1124
57,进车台位1号,1125,1127
58,粘接预装台位33号,1147,1149
59,进车台位1号,1149,1152
60,粘接预装台位29号,1172,1174
61,粘接预装台位33号,1197,1201
62,模块化组装7号,1204,1205
63,普通组装2类(BC车)14号,1228,1229
64,粘接预装台位33号,1266,1267
65,进车台位1号,1269,1270
66,粘接预装台位29号,1290,1292
67,进车台位1号,1293,1295
68,粘接预装台位33号,1315,1317
69,进车台位1号,1317,1320
70,粘接预装台位29号,1340,1342
71,粘接预装台位33号,1365,1369
72,模块化组装7号,1372,1373
73,普通组装2类(BC车)22号,1396,1397
74,粘接预装台位33号,1434,1435
75,进车台位1号,1437,1438
76,粘接预装台位29号,1458,1460
77,进车台位1号,1461,1463
78,粘接预装台位33号,1483,1485
79,进车台位1号,1485,1488
80,粘接预装台位29号,1508,1510
81,粘接预装台位33号,1533,1537
82,模块化组装7号,1540,1541
83,普通组装2类(BC车)26号,1564,1565
84,粘接预装台位33号,1602,1603
85,进车台位1号,1605,1606
86,粘接预装台位29号,1626,1628
87,进车台位1号,1629,1631
88,粘接预装台位33号,1651,1653
89,进车台位1号,1653,1656
90,粘接预装台位29号,1676,1678
91,粘接预装台位33号,1701,1705
92,模块化组装7号,1708,1709
93,普通组装2类(BC车)16号,1732,1733
94,粘接预装台位33号,1770,1771
95,进车台位1号,1773,1774
96,粘接预装台位29号,1794,1796
97,进车台位1号,1797,1799
98,粘接预装台位33号,1819,1821
99,进车台位1号,1821,1824
100,粘接预装台位29号,1844,1846
101,粘接预装台位33号,1869,1873
102,模块化组装7号,1876,1877
103,普通组装2类(BC车)23号,1900,1901
104,粘接预装台位33号,1938,1939
105,进车台位1号,1941,1942
106,粘接预装台位29号,1962,1964
107,进车台位1号,1965,1967
108,粘接预装台位33号,1987,1989
109,进车台位1号,1989,1992
110,粘接预装台位29号,2012,2014
111,粘接预装台位33号,2037,2041
112,模块化组装7号,2044,2045
113,普通组装2类(BC车)35号,2068,2069
114,粘接预装台位33号,2106,2107
115,进车台位1号,2109,2110
116,粘接预装台位29号,2130,2132
117,进车台位1号,2133,2135
118,粘接预装台位33号,2155,2157
119,进车台位1号,2157,2160
120,粘接预装台位29号,2180,2182
121,粘接预装台位33号,2205,2209
122,模块化组装7号,2212,2213
123,普通组装2类(BC车)18号,2236,2237
124,粘接预装台位33号,2274,2275
125,进车台位1号,2277,2278
126,粘接预装台位29号,2298,2300
127,进车台位1号,2301,2303
128,粘接预装台位33号,2323,2325
129,进车台位1号,2325,2328
130,粘接预装台位29号,2348,2350
131,粘接预装台位33号,2373,2377
132,模块化组装7号,2380,2381
133,普通组装2类(BC车)24号,2404,2405
134,粘接预装台位33号,2442,2443
135,进车台位1号,2445,2446
136,粘接预装台位29号,2466,2468
137,进车台位1号,2469,2471
138,粘接预装台位33号,2491,2493
139,进车台位1号,2493,2496
140,粘接预装台位29号,2516,2518
141,粘接预装台位33号,2541,2545
142,模块化组装7号,2548,2549
143,普通组装2类(BC车)12号,2572,2573
144,粘接预装台位33号,2610,2611
145,进车台位1号,2613,2614
146,粘接预装台位29号,2634,2636
147,进车台位1号,2637,2639
148,粘接预装台位33号,2659,2661
149,进车台位1号,2661,2664
150,粘接预装台位29号,2684,2686
151,粘接预装台位33号,2709,2713
152,模块化组装7号,2716,2717
153,普通组装2类(BC车)20号,2740,2741
154,粘接预装台位33号,2778,2779
155,进车台位1号,2781,2782
156,粘接预装台位29号,2802,2804
157,进车台位1号,2805,2807
158,粘接预装台位33号,2827,2829
159,进车台位1号,2829,2832
160,粘接预装台位29号,2852,2854
161,粘接预装台位33号,2877,2881
162,模块化组装7号,2884,2885
163,普通组装2类(BC车)25号,2908,2909
164,粘接预装台位33号,2946,2947
165,进车台位1号,2949,2950
166,粘接预装台位29号,2970,2972
167,进车台位1号,2973,2975
168,粘接预装台位33号,2995,2997
169,进车台位1号,2997,3000
170,粘接预装台位29号,3020,3022
171,粘接预装台位33号,3045,3049
172,模块化组装7号,3052,3053
173,普通组装2类(BC车)14号,3076,3077
174,粘接预装台位33号,3114,3115
175,进车台位1号,3117,3118
176,粘接预装台位29号,3138,3140
177,进车台位1号,3141,3143
178,粘接预装台位33号,3163,3165
179,进车台位1号,3165,3168
180,粘接预装台位29号,3188,3190
181,粘接预装台位33号,3213,3217
182,模块化组装7号,3220,3221
183,普通组装2类(BC车)22号,3244,3245
184,粘接预装台位33号,3282,3283
185,进车台位1号,3285,3286
186,粘接预装台位29号,3306,3308
187,进车台位1号,3309,3311
188,粘接预装台位33号,3331,3333
189,进车台位1号,3333,3336
190,粘接预装台位29号,3356,3358
191,粘接预装台位33号,3381,3385
192,模块化组装7号,3388,3389
193,普通组装2类(BC车)26号,3412,3413
194,粘接预装台位33号,3450,3451
195,进车台位1号,3453,3454
196,粘接预装台位29号,3474,3476
197,进车台位1号,3477,3479
198,粘接预装台位33号,3499,3501
199,进车台位1号,3501,3504
200,粘接预装台位29号,3524,3526
201,粘接预装台位33号,3549,3553
202,模块化组装7号,3556,3557
203,普通组装2类(BC车)16号,3580,3581
204,粘接预装台位33号,3618,3619
205,进车台位1号,3621,3622
206,粘接预装台位29号,3642,3644
207,进车台位1号,3645,3647
208,粘接预装台位33号,3667,3669
209,进车台位1号,3669,3672
210,粘接预装台位29号,3692,3694
211,粘接预装台位33号,3717,3721
212,模块化组装7号,3724,3725
213,普通组装2类(BC车)23号,3748,3749
214,粘接预装台位33号,3786,3787
215,进车台位1号,3789,3790
216,粘接预装台位29号,3810,3812
217,进车台位1号,3813,3815
218,粘接预装台位33号,3835,3837
219,进车台位1号,3837,3840
220,粘接预装台位29号,3860,3862
221,粘接预装台位33号,3885,3889
222,模块化组装7号,3892,3893
223,普通组装2类(BC车)35号,3916,3917
224,粘接预装台位33号,3954,3955
225,进车台位1号,3957,3958
226,粘接预装台位29号,3978,3980
227,进车台位1号,3981,3983
228,粘接预装台位33号,4003,4005
229,进车台位1号,4005,4008
230,粘接预装台位29号,4028,4030
231,粘接预装台位33号,4053,4057
232,模块化组装7号,4060,4061
233,普通组装2类(BC车)18号,4084,4085
234,粘接预装台位33号,4122,4123
235,进车台位1号,4125,4126
236,粘接预装台位29号,4146,4148
237,进车台位1号,4149,4151
238,粘接预装台位33号,4171,4173
239,进车台位1号,4173,4176
240,粘接预装台位29号,4196,4198
241,粘接预装台位33号,4221,4225
242,模块化组装7号,4228,4229
243,普通组装2类(BC车)24号,4252,4253
244,粘接预装台位33号,4290,4291
245,进车台位1号,4293,4294
246,粘接预装台位29号,4314,4316
247,进车台位1号,4317,4319
248,粘接预装台位33号,4339,4341
249,进车台位1号,4341,4344
250,粘接预装台位29号,4364,4366
251,粘接预装台位33号,4389,4393
252,模块化组装7号,4396,4397
253,普通组装2类(BC车)12号,4420,4421
254,粘接预装台位33号,4458,4459
255,进车台位1号,4461,4462
256,粘接预装台位29号,4482,4484
257,进车台位1号,4485,4487
258,粘接预装台位33号,4507,4509
259,进车台位1号,4509,4512
260,粘接预装台位29号,4532,4534
261,粘接预装台位33号,4557,4561
262,模块化组装7号,4564,4565
263,普通组装2类(BC车)20号,4588,4589
264,粘接预装台位33号,4626,4627
265,进车台位1号,4629,4630
266,粘接预装台位29号,4650,4652
267,进车台位1号,4653,4655
268,粘接预装台位33号,4675,4677
269,进车台位1号,4677,4680
270,粘接预装台位29号,4700,4702
271,粘接预装台位33号,4725,4729
272,模块化组装7号,4732,4733
273,普通组装2类(BC车)25号,4756,4757
274,粘接预装台位33号,4794,4795
275,进车台位1号,4797,4798
276,粘接预装台位29号,4818,4820
277,进车台位1号,4821,4823
278,粘接预装台位33号,4843,4845
279,进车台位1号,4845,4848
280,粘接预装台位29号,4868,4870
281,粘接预装台位33号,4893,4897
282,模块化组装7号,4900,4901
283,普通组装2类(BC车)14号,4924,4925
284,粘接预装台位33号,4962,4963
285,进车台位1号,4965,4966
286,粘接预装台位29号,4986,4988
287,进车台位1号,4989,4991
288,粘接预装台位33号,5011,5013
289,进车台位1号,5013,5016
290,粘接预装台位29号,5036,5038
291,粘接预装台位33号,5061,5065
292,模块化组装7号,5068,5069
293,普通组装2类(BC车)22号,5092,5093
294,粘接预装台位33号,5130,5131
295,进车台位1号,5133,5134
296,粘接预装台位29号,5154,5156
297,进车台位1号,5157,5159
298,粘接预装台位33号,5179,5181
299,进车台位1号,5181,5184
300,粘接预装台位29号,5204,5206
301,粘接预装台位33号,5229,5233
302,模块化组装7号,5236,5237
303,普通组装2类(BC车)26号,5260,5261
304,粘接预装台位33号,5298,5299
305,进车台位1号,5301,5302
306,粘接预装台位29号,5322,5324
307,进车台位1号,5325,5327
308,粘接预装台位33号,5347,5349
309,进车台位1号,5349,5352
310,粘接预装台位29号,5372,5374
311,粘接预装台位33号,5397,5401
312,模块化组装7号,5404,5405
313,普通组装2类(BC车)16号,5428,5429
314,粘接预装台位33号,5466,5467
315,进车台位1号,5469,5470
316,粘接预装台位29号,5490,5492
317,进车台位1号,5493,5495
318,粘接预装台位33号,5515,5517
319,进车台位1号,5517,5520
320,粘接预装台位29号,5540,5542
321,粘接预装台位33号,5565,5569
322,模块化组装7号,5572,5573
323,普通组装2类(BC车)23号,5596,5597
324,粘接预装台位33号,5634,5635
325,进车台位1号,5637,5638
326,粘接预装台位29号,5658,5660
327,进车台位1号,5661,5663
328,粘接预装台位33号,5683,5685
329,进车台位1号,5685,5688
330,粘接预装台位29号,5708,5710
331,粘接预装台位33号,5733,5737
332,模块化组装7号,5740,5741
333,普通组装2类(BC车)35号,5764,5765
334,粘接预装台位33号,5802,5803
335,进车台位1号,5805,5806
336,粘接预装台位29号,5826,5828
337,进车台位1号,5829,5831
338,粘接预装台位33号,5851,5853
339,进车台位1号,5853,5856
340,粘接预装台位29号,5876,5878
341,粘接预装台位33号,5901,5905
342,模块化组装7号,5908,5909
343,普通组装2类(BC车)18号,5932,5933
344,粘接预装台位33号,5970,5971
345,进车台位1号,5973,5974
346,粘接预装台位29号,5994,5996
347,进车台位1号,5997,5999
348,粘接预装台位33号,6019,6021
349,进车台位1号,6021,6024
350,粘接预装台位29号,6044,6046
351,粘接预装台位33号,6069,6073
352,模块化组装7号,6076,6077
353,普通组装2类(BC车)24号,6100,6101
354,粘接预装台位33号,6138,6139
355,进车台位1号,6141,6142
356,粘接预装台位29号,6162,6164
357,进车台位1号,6165,6167
358,粘接预装台位33号,6187,6189
359,进车台位1号,6189,6192
360,粘接预装台位29号,6212,6214
361,粘接预装台位33号,6237,6241
362,模块化组装7号,6244,6245
363,普通组装2类(BC车)12号,6268,6269
364,粘接预装台位33号,6306,6307
365,进车台位1号,6309,6310
366,粘接预装台位29号,6330,6332
367,进车台位1号,6333,6335
368,粘接预装台位33号,6355,6357
369,进车台位1号,6357,6360
370,粘接预装台位29号,6380,6382
371,粘接预装台位33号,6405,6409
372,模块化组装7号,6412,6413
373,普通组装2类(BC车)20号,6436,6437
374,粘接预装台位33号,6474,6475
375,进车台位1号,6477,6478
376,粘接预装台位29号,6498,6500
377,进车台位1号,6501,6503
378,粘接预装台位33号,6523,6525
379,进车台位1号,6525,6528
380,粘接预装台位29号,6548,6550
381,粘接预装台位33号,6573,6577
382,模块化组装7号,6580,6581
383,普通组装2类(BC车)25号,6604,6605
384,粘接预装台位33号,6642,6643
385,进车台位1号,6645,6646
386,粘接预装台位29号,6666,6668
387,进车台位1号,6669,6671
388,粘接预装台位33号,6691,6693
389,进车台位1号,6693,6696
390,粘接预装台位29号,6716,6718
391,粘接预装台位33号,6741,6745
392,模块化组装7号,6748,6749
393,普通组装2类(BC车)14号,6772,6773
394,粘接预装台位33号,6810,6811
395,进车台位1号,6813,6814
396,粘接预装台位29号,6834,6836
397,进车台位1号,6837,6839
398,粘接预装台位33号,6859,6861
399,进车台位1号,6861,6864
400,粘接预装台位29号,6884,6886
401,粘接预装台位33号,6909,6913
402,模块化组装7号,6916,6917
403,普通组装2类(BC车)22号,6940,6941
404,粘接预装台位33号,6978,6979
405,进车台位1号,6981,6982
406,粘接预装台位29号,7002,7004
407,进车台位1号,7005,7007
408,粘接预装台位33号,7027,7029
409,进车台位1号,7029,7032
410,粘接预装台位29号,7052,7054
411,粘接预装台位33号,7077,7081
412,模块化组装7号,7084,7085
413,普通组装2类(BC车)26号,7108,7109
414,粘接预装台位33号,7146,7147
415,进车台位1号,7149,7150
416,粘接预装台位29号,7170,7172
417,进车台位1号,7173,7175
418,粘接预装台位33号,7195,7197
419,进车台位1号,7197,7200
420,粘接预装台位29号,7220,7222
421,粘接预装台位33号,7245,7249
422,模块化组装7号,7252,7253
423,普通组装2类(BC车)16号,7276,7277
424,粘接预装台位33号,7314,7315
425,进车台位1号,7317,7318
426,粘接预装台位29号,7338,7340
427,进车台位1号,7341,7343
428,粘接预装台位33号,7363,7365
429,进车台位1号,7365,7368
430,粘接预装台位29号,7388,7390
431,粘接预装台位33号,7413,7417
432,模块化组装7号,7420,7421
433,普通组装2类(BC车)23号,7444,7445
434,粘接预装台位33号,7482,7483
435,进车台位1号,7485,7486
436,粘接预装台位29号,7506,7508
437,进车台位1号,7509,7511
438,粘接预装台位33号,7531,7533
439,进车台位1号,7533,7536
440,粘接预装台位29号,7556,7558
441,粘接预装台位33号,7581,7585
442,模块化组装7号,7588,7589
443,普通组装2类(BC车)35号,7612,7613
444,粘接预装台位33号,7650,7651
445,进车台位1号,7653,7654
446,粘接预装台位29号,7674,7676
447,进车台位1号,7677,7679
448,粘接预装台位33号,7699,7701
449,进车台位1号,7701,7704
450,粘接预装台位29号,7724,7726
451,粘接预装台位33号,7749,7753
452,模块化组装7号,7756,7757
453,普通组装2类(BC车)18号,7780,7781
454,粘接预装台位33号,7818,7819
455,进车台位1号,7821,7822
456,粘接预装台位29号,7842,7844
457,进车台位1号,7845,7847
458,粘接预装台位33号,7867,7869
459,进车台位1号,7869,7872
460,粘接预装台位29号,7892,7894
461,粘接预装台位33号,7917,7921
462,模块化组装7号,7924,7925
463,普通组装2类(BC车)24号,7948,7949
464,粘接预装台位33号,7986,7987
465,进车台位1号,7989,7990
466,粘接预装台位29号,8010,8012
467,进车台位1号,8013,8015
468,粘接预装台位33号,8035,8037
469,进车台位1号,8037,8040
470,粘接预装台位29号,8060,8062
471,粘接预装台位33号,8085,8089
472,模块化组装7号,8092,8093
473,普通组装2类(BC车)12号,8116,8117
474,粘接预装台位33号,8154,8155
475,进车台位1号,8157,8158
476,粘接预装台位29号,8178,8180
477,进车台位1号,8181,8183
478,粘接预装台位33号,8203,8205
479,进车台位1号,8205,8208
480,粘接预装台位29号,8228,8230
481,粘接预装台位33号,8253,8257
482,模块化组装7号,8260,8261
483,普通组装2类(BC车)20号,8284,8285
484,粘接预装台位33号,8322,8323
485,进车台位1号,8325,8326
486,粘接预装台位29号,8346,8348
487,进车台位1号,8349,8351
488,粘接预装台位33号,8371,8373
489,进车台位1号,8373,8376
490,粘接预装台位29号,8396,8398
491,粘接预装台位33号,8421,8425
492,模块化组装7号,8428,8429
493,普通组装2类(BC车)25号,8452,8453
494,粘接预装台位33号,8490,8491
495,进车台位1号,8493,8494
496,粘接预装台位29号,8514,8516
497,进车台位1号,8517,8519
498,粘接预装台位33号,8539,8541
499,进车台位1号,8541,8544
500,粘接预装台位29号,8564,8566
501,粘接预装台位33号,8589,8593
502,模块化组装7号,8596,8597
503,普通组装2类(BC车)14号,8620,8621
504,粘接预装台位33号,8658,8659
505,进车台位1号,8661,8662
506,粘接预装台位29号,8682,8684
507,进车台位1号,8685,8687
508,粘接预装台位33号,8707,8709
509,进车台位1号,8709,8712
510,粘接预装台位29号,8732,8734
511,粘接预装台位33号,8757,8761
512,模块化组装7号,8764,8765
513,普通组装2类(BC车)22号,8788,8789
514,粘接预装台位33号,8826,8827
515,进车台位1号,8829,8830
516,粘接预装台位29号,8850,8852
517,进车台位1号,8853,8855
518,粘接预装台位33号,8875,8877
519,进车台位1号,8877,8880
520,粘接预装台位29号,8900,8902
521,粘接预装台位33号,8925,8929
522,模块化组装7号,8932,8933
523,普通组装2类(BC车)26号,8956,8957
524,粘接预装台位33号,8994,8995
525,进车台位1号,8997,8998
526,粘接预装台位29号,9018,9020
527,进车台位1号,9021,9023
528,粘接预装台位33号,9043,9045
529,进车台位1号,9045,9048
530,粘接预装台位29号,9068,9070
531,粘接预装台位33号,9093,9097
532,模块化组装7号,9100,9101
533,普通组装2类(BC车)16号,9124,9125
534,粘接预装台位33号,9162,9163
535,进车台位1号,9165,9166
536,粘接预装台位29号,9186,9188
537,进车台位1号,9189,9191
538,粘接预装台位33号,9211,9213
539,进车台位1号,9213,9216
540,粘接预装台位29号,9236,9238
541,粘接预装台位33号,9261,9265
542,模块化组装7号,9268,9269
543,普通组装2类(BC车)23号,9292,9293
544,粘接预装台位33号,9330,9331
545,进车台位1号,9333,9334
546,粘接预装台位29号,9354,9356
547,进车台位1号,9357,9359
548,粘接预装台位33号,9379,9381
549,进车台位1号,9381,9384
550,粘接预装台位29号,9404,9406
551,粘接预装台位33号,9429,9433
552,模块化组装7号,9436,9437
553,普通组装2类(BC车)35号,9460,9461
554,粘接预装台位33号,9498,9499
555,进车台位1号,9501,9502
556,粘接预装台位29号,9522,9524
557,进车台位1号,9525,9527
558,粘接预装台位33号,9547,9549
559,进车台位1号,9549,9552
560,粘接预装台位29号,9572,9574
561,粘接预装台位33号,9597,9601
562,模块化组装7号,9604,9605
563,普通组装2类(BC车)18号,9628,9629
564,粘接预装台位33号,9666,9667
565,进车台位1号,9669,9670
566,粘接预装台位29号,9690,9692
567,进车台位1号,9693,9695
568,粘接预装台位33号,9715,9717
569,进车台位1号,9717,9720
570,粘接预装台位29号,9740,9742
571,粘接预装台位33号,9765,9769
572,模块化组装7号,9772,9773
573,普通组装2类(BC车)24号,9796,9797
574,粘接预装台位33号,9834,9835
575,进车台位1号,9837,9838
576,粘接预装台位29号,9858,9860
577,进车台位1号,9861,9863
578,粘接预装台位33号,9883,9885
579,进车台位1号,9885,9888
580,粘接预装台位29号,9908,9910
581,粘接预装台位33号,9933,9937
582,模块化组装7号,9940,9941
583,普通组装2类(BC车)12号,9964,9965
584,粘接预装台位33号,10002,10003
585,进车台位1号,10005,10006
586,粘接预装台位29号,10026,10028
587,进车台位1号,10029,10031
588,粘接预装台位33号,10051,10053
589,进车台位1号,10053,10056
590,粘接预装台位29号,10076,10078
591,粘接预装台位33号,10101,10105
592,模块化组装7号,10108,10109
593,普通组装2类(BC车)20号,10132,10133
594,粘接预装台位33号,10170,10171
595,进车台位1号,10173,10174
596,粘接预装台位29号,10194,10196
597,进车台位1号,10197,10199
598,粘接预装台位33号,10219,10221
599,进车台位1号,10221,10224
600,粘接预装台位29号,10244,10246
601,粘接预装台位33号,10269,10273
602,模块化组装7号,10276,10277
603,普通组装2类(BC车)25号,10300,10301
604,粘接预装台位33号,10338,10339
605,进车台位1号,10341,10342
606,粘接预装台位29号,10362,10364
607,进车台位1号,10365,10367
608,粘接预装台位33号,10387,10389
609,进车台位1号,10389,10392
610,粘接预装台位29号,10412,10414
611,粘接预装台位33号,10437,10441
612,模块化组装7号,10444,10445
613,普通组装2类(BC车)14号,10468,10469
614,粘接预装台位33号,10506,10507
615,进车台位1号,10509,10510
616,粘接预装台位29号,10530,10532
617,进车台位1号,10533,10535
618,粘接预装台位33号,10555,10557
619,进车台位1号,10557,10560
620,粘接预装台位29号,10580,10582
621,粘接预装台位33号,10605,10609
622,模块化组装7号,10612,10613
623,普通组装2类(BC车)22号,10636,10637
624,粘接预装台位33号,10674,10675
625,进车台位1号,10677,10678
626,粘接预装台位29号,10698,10700
627,进车台位1号,10701,10703
628,粘接预装台位33号,10723,10725
629,进车台位1号,10725,10728
630,粘接预装台位29号,10748,10750
631,粘接预装台位33号,10773,10777
632,模块化组装7号,10780,10781
633,普通组装2类(BC车)26号,10804,10805
634,粘接预装台位33号,10842,10843
635,进车台位1号,10845,10846
636,粘接预装台位29号,10866,10868
637,进车台位1号,10869,10871
638,粘接预装台位33号,10891,10893
639,进车台位1号,10893,10896
640,粘接预装台位29号,10916,10918
641,粘接预装台位33号,10941,10945
642,模块化组装7号,10948,10949
643,普通组装2类(BC车)16号,10972,10973
644,粘接预装台位33号,11010,11011
645,进车台位1号,11013,11014
646,粘接预装台位29号,11034,11036
647,进车台位1号,11037,11039
648,粘接预装台位33号,11059,11061
649,进车台位1号,11061,11064
650,粘接预装台位29号,11084,11086
651,粘接预装台位33号,11109,11113
652,模块化组装7号,11116,11117
653,普通组装2类(BC车)23号,11140,11141
654,粘接预装台位33号,11178,11179
655,进车台位1号,11181,11182
656,粘接预装台位29号,11202,11204
657,进车台位1号,11205,11207
658,粘接预装台位33号,11227,11229
659,进车台位1号,11229,11232
660,粘接预装台位29号,11252,11254
661,粘接预装台位33号,11277,11281
662,模块化组装7号,11284,11285
663,普通组装2类(BC车)35号,11308,11309
664,粘接预装台位33号,11346,11347
665,进车台位1号,11349,11350
666,粘接预装台位29号,11370,11372
667,进车台位1号,11373,11375
668,粘接预装台位33号,11395,11397
669,进车台位1号,11397,11400
670,粘接预装台位29号,11420,11422
671,粘接预装台位33号,11445,11449
672,模块化组装7号,11452,11453
673,普通组装2类(BC车)18号,11476,11477
674,粘接预装台位33号,11514,11515
675,进车台位1号,11517,11518
676,粘接预装台位29号,11538,11540
677,进车台位1号,11541,11543
678,粘接预装台位33号,11563,11565
679,进车台位1号,11565,11568
680,粘接预装台位29号,11588,11590
681,粘接预装台位33号,11613,11617
682,模块化组装7号,11620,11621
683,普通组装2类(BC车)24号,11644,11645
684,粘接预装台位33号,11682,11683
685,进车台位1号,11685,11686
686,粘接预装台位29号,11706,11708
687,进车台位1号,11709,11711
688,粘接预装台位33号,11731,11733
689,进车台位1号,11733,11736
690,粘接预装台位29号,11756,11758
691,粘接预装台位33号,11781,11785
692,模块化组装7号,11788,11789
693,普通组装2类(BC车)12号,11812,11813
694,粘接预装台位33号,11850,11851
695,进车台位1号,11853,11854
696,粘接预装台位29号,11874,11876
697,进车台位1号,11877,11879
698,粘接预装台位33号,11899,11901
699,进车台位1号,11901,11904
700,粘接预装台位29号,11924,11926
701,粘接预装台位33号,11949,11953
702,模块化组装7号,11956,11957
703,普通组装2类(BC车)20号,11980,11981
704,粘接预装台位33号,12018,12019
705,进车台位1号,12021,12022
706,粘接预装台位29号,12042,12044
707,进车台位1号,12045,12047
708,粘接预装台位33号,12067,12069
709,进车台位1号,12069,12072
710,粘接预装台位29号,12092,12094
711,粘接预装台位33号,12117,12121
712,模块化组装7号,12124,12125
713,普通组装2类(BC车)25号,12148,12149
714,粘接预装台位33号,12186,12187
715,进车台位1号,12189,12190
716,粘接预装台位29号,12210,12212
717,进车台位1号,12213,12215
718,粘接预装台位33号,12235,12237
719,进车台位1号,12237,12240
720,粘接预装台位29号,12260,12262
721,粘接预装台位33号,12285,12289
722,模块化组装7号,12292,12293
723,普通组装2类(BC车)14号,12316,12317
724,粘接预装台位33号,12354,12355
725,进车台位1号,12357,12358
726,粘接预装台位29号,12378,12380
727,进车台位1号,12381,12383
728,粘接预装台位33号,12403,12405
729,进车台位1号,12405,12408
730,粘接预装台位29号,12428,12430
731,粘接预装台位33号,12453,12457
732,模块化组装7号,12460,12461
733,普通组装2类(BC车)22号,12484,12485
734,粘接预装台位33号,12522,12523
735,进车台位1号,12525,12526
736,粘接预装台位29号,12546,12548
737,进车台位1号,12549,12551
738,粘接预装台位33号,12571,12573
739,进车台位1号,12573,12576
740,粘接预装台位29号,12596,12598
741,粘接预装台位33号,12621,12625
742,模块化组装7号,12628,12629
743,普通组装2类(BC车)26号,12652,12653
744,粘接预装台位33号,12690,12691
745,进车台位1号,12693,12694
746,粘接预装台位29号,12714,12716
747,进车台位1号,12717,12719
748,粘接预装台位33号,12739,12741
749,进车台位1号,12741,12744
750,粘接预装台位29号,12764,12766
751,粘接预装台位33号,12789,12793
752,模块化组装7号,12796,12797
753,普通组装2类(BC车)16号,12820,12821
754,粘接预装台位33号,12858,12859
755,进车台位1号,12861,12862
756,粘接预装台位29号,12882,12884
757,进车台位1号,12885,12887
758,粘接预装台位33号,12907,12909
759,进车台位1号,12909,12912
760,粘接预装台位29号,12932,12934
761,粘接预装台位33号,12957,12961
762,模块化组装7号,12964,12965
763,普通组装2类(BC车)23号,12988,12989
764,粘接预装台位33号,13026,13027
765,进车台位1号,13029,13030
766,粘接预装台位29号,13050,13052
767,进车台位1号,13053,13055
768,粘接预装台位33号,13075,13077
769,进车台位1号,13077,13080
770,粘接预装台位29号,13100,13102
771,粘接预装台位33号,13125,13129
772,模块化组装7号,13132,13133
773,普通组装2类(BC车)35号,13156,13157
774,粘接预装台位33号,13194,13195
775,进车台位1号,13197,13198
776,粘接预装台位29号,13218,13220
777,进车台位1号,13221,13223
778,粘接预装台位33号,13243,13245
779,进车台位1号,13245,13248
780,粘接预装台位29号,13268,13270
781,粘接预装台位33号,13293,13297
782,模块化组装7号,13300,13301
783,普通组装2类(BC车)18号,13324,13325
784,粘接预装台位33号,13362,13363
785,进车台位1号,13365,13366
786,粘接预装台位29号,13386,13388
787,进车台位1号,13389,13391
788,粘接预装台位33号,13411,13413
789,进车台位1号,13413,13416
790,粘接预装台位29号,13436,13438
791,粘接预装台位33号,13461,13465
792,模块化组装7号,13468,13469
793,普通组装2类(BC车)24号,13492,13493
794,粘接预装台位33号,13530,13531
795,进车台位1号,13533,13534
796,粘接预装台位29号,13554,13556
797,进车台位1号,13557,13559
798,粘接预装台位33号,13579,13581
799,进车台位1号,13581,13584
800,粘接预装台位29号,13604,13606
801,粘接预装台位33号,13629,13633
802,模块化组装7号,13636,13637
803,普通组装2类(BC车)12号,13660,13661
804,粘接预装台位33号,13698,13699
805,进车台位1号,13701,13702
806,粘接预装台位29号,13722,13724
807,进车台位1号,13725,13727
808,粘接预装台位33号,13747,13749
809,进车台位1号,13749,13752
810,粘接预装台位29号,13772,13774
811,粘接预装台位33号,13797,13801
812,模块化组装7号,13804,13805
813,普通组装2类(BC车)20号,13828,13829
814,粘接预装台位33号,13866,13867
815,进车台位1号,13869,13870
816,粘接预装台位29号,13890,13892
817,进车台位1号,13893,13895
818,粘接预装台位33号,13915,13917
819,进车台位1号,13917,13920
820,粘接预装台位29号,13940,13942
821,粘接预装台位33号,13965,13969
822,模块化组装7号,13972,13973
823,普通组装2类(BC车)25号,13996,13997
824,粘接预装台位33号,14034,14035
825,进车台位1号,14037,14038
826,粘接预装台位29号,14058,14060
827,进车台位1号,14061,14063
828,粘接预装台位33号,14083,14085
829,进车台位1号,14085,14088
830,粘接预装台位29号,14108,14110
831,粘接预装台位33号,14133,14137
832,模块化组装7号,14140,14141
833,普通组装2类(BC车)14号,14164,14165
834,粘接预装台位33号,14202,14203
835,进车台位1号,14205,14206
836,粘接预装台位29号,14226,14228
837,进车台位1号,14229,14231
838,粘接预装台位33号,14251,14253
839,进车台位1号,14253,14256
840,粘接预装台位29号,14276,14278
841,粘接预装台位33号,14301,14305
842,模块化组装7号,14308,14309
843,普通组装2类(BC车)22号,14332,14333
844,粘接预装台位33号,14370,14371
845,进车台位1号,14373,14374
846,粘接预装台位29号,14394,14396
847,进车台位1号,14397,14399
848,粘接预装台位33号,14419,14421
849,进车台位1号,14421,14424
850,粘接预装台位29号,14444,14446
851,粘接预装台位33号,14469,14473
852,模块化组装7号,14476,14477
853,普通组装2类(BC车)26号,14500,14501
854,粘接预装台位33号,14538,14539
855,进车台位1号,14541,14542
856,粘接预装台位29号,14562,14564
857,进车台位1号,14565,14567
858,粘接预装台位33号,14587,14589
859,进车台位1号,14589,14592
860,粘接预装台位29号,14612,14614
861,粘接预装台位33号,14637,14641
862,模块化组装7号,14644,14645
863,普通组装2类(BC车)16号,14668,14669
